Text,Mark
"


Для меня это было отвратительным местом, и хорошо, что это закончилось. Недружелюбный коллектив, много мусора вместо того, что пригодится, по предметам, якобы относящимся к компьютерным технологиям. Сначала кажется, что всё нормально, но со временем понимаешь, что по математике тебе не дали практику, а по компьютерным технологиям теорию, из-за чего сильно проигрываешь по сравнению с выпускниками западных вузов. В ИМКТ есть преподаватели, которые прямо так и считают, что пары предметов за глаза вам хватит, но они имеют в виду, что с этими двумя предметами вы будете вечно у них на побегушках в какой-нибудь захудалой фирме. Дают самые азы - пару языков программирования, по математике самые основы, так что советую внимательно изучить учебный план и сравнить его с аналогичными учебными планами других вузов, чтобы не попасть в ловушку. То есть на младших курсах остается время для самообразования, или точнее, оно должно оставаться, если некоторые преподаватели не будут требовать сверх того, что должны. Хорошо, если будете слушать все лекции, потом после каждой темы изучать методички (хотя их мало) и дополнять это материалом из учебников, также можно слушать онлайн-курсы и просто смотреть ...Показать полностью...записи лекций в интернете. Полезно ходить к преподавателям на консультации. Поинтересуйтесь, для чего нужен каждый предмет, где вы можете его применить и какие материалы полезно самостоятельно пройти, чтобы продвинуться в нем. Не торопитесь в университете бежать устраиваться на работу, есть случаи, когда студенты сильно отставали, переводились на платное и проигрывали в деньгах. Специальности серьезные, требующие самоотдачи. Еще успеете поработать, когда будете постарше и будет побольше времени. Посмотрите вакансии, список того, что нужно знать при устройстве на работу, скорее всего, в вузе вас этому не научат. Но если вы выберете хорошую специальность, то она должна вам дать общее представление, а точнее, теоретические основы, и некоторые конкретные навыки, которые помогут в дальнейшей работе. Если вы привыкнете к самообразованию, вам будет проще. Поинтересуйтесь на дне открытых дверей, для чего вам преподают математику, чтобы изучать ее с определенной целью и с достаточной мотивацией. Поищите примеры применения математики в ИТ, все ИТ построены на матметодах, это может вас вдохновить. Чему по идее должны учить на ИТ специальности - это мыслить, но когда практика без теории и теория без практики, то этому научиться трудно. Поэтому специальность нужно выбирать так, чтобы получить теоретическую подготовку и практические навыки. Не слушайте тех, кто говорит, что в вузе должно быть сложно учиться, эти люди хотят себя приукрасить. Неправда, в вузе должно быть интересно. Если тебе будет неинтересно, то учиться на такой специальности будет затруднительно. Как и на работе.",medium
"


Ужаснейший ВУЗ, позиционирует себя как лучший на ДВ, хотя таковым не является! Единственное, это довольно таки комфортное размещение на кампусе, хотя в этом году набрали студентов в 2 раза больше проектной мощности самого кампуса. Нервную систему себе расшатала не хило за  2,5 года, равно сколько денег и сил! Многие преподаватели буквально пьют кровь и создают всевозможные препятствия, чтобы ты била перед ними поклоны, и из-за 1-3баллов, нехватающих до зачета. Отдельная тема это преподаватели по математике, физике, гидравлике. В том году буквально уничтожала меня препод ователь по физкультуре ОФП, зная что я являюсь астматикам, давала задания сверх нормативов. Также отдельное спасибо преподавателю английского языка Ковальчук, в прошлом году вела  у меня предмет, постоянно дергала меня на занятиях и не дважды не закрывала мне предмет, постоянно напоминая мне, что сертификаты английского языка у меня куплены, хотя я окончила школу английского языка с отличием в Новосибирске.
Вообщем, дико пожалела, что выбрала этот ВУЗ, полгода еще постараюсь продержаться и 4курс  переведусь в Новосибирск. Очень жалко потраченных денег, возможностей, и оставленных нервов. Пусть ДВФУ вылизывает иностранных студентов.

",negative
"


&quot;(МНОГОБУКВ)
Относительно недавно закончил химфак, и вот решил написать отзыв в принципе об обучении на этом полуадекватном факультете, на момент моего обучения. Скорее всего, некоторые преподаватели уже на заслуженной пенсии. Основных преподавателей я буду расписывать по кафедрам и инициалами (имя-отчество, кто учится или учился поймет о ком я). Прогуливать здесь некоторые предметы равносильно суду Линча, потому что потом самостоятельно ты будешь очень долго пытаться понять содержание.
1-й курс этой эпопеи начинается с общих предметов (иностранный язык, математика, физика, история и тп) и основы основ химии - неорганической химии. На первом курсе вас делят на подгруппы и этим составом вы ходите на лабораторные все 4 курса, мне моя подгруппа нравилось, было весело.
По общим предметам коротко: история - не напряжно, математика - у меня 2 курса её вел харизматичный Г.И. Б******, об этом человеке можно слагать легенды, о нем только лучшие воспоминания, но первый семестр на парах он максимально угрюмый, но это маска, за которой скрывается чуткий и хороший преподаватель, физика - сейчас её, скорее всего, ведет Н.Н. С*********, как мужик классный, но предмет ведет максимально беспол...Показать полностью...езно, хотите познать физику - вам не на химфак, физ-ра - если ходишь, то получаешь зачет, ничего сложного. Русский язык у меня вел полутаджик и этим все сказано. По всему общему курсу вполне реально получить автомат. (оценка без экзамена)
Насчет неорганики - у меня её вела Б******** В.И., которая еще в мое время ушла с факультета, хороший преподаватель, если учишь, то легко сдашь. Лабораторные работы у меня вел тот же преподаватель, что и химическую технологию на 3 курсе у всего факультета С********* И.В. - великолепный преподаватель, как и лаборант, эти люди действительно знают как работать со студентом. Во втором семестре можно получить автомат, если выиграешь соответствующую олимпиаду - мне не удалось, был на экзамене.
После первого курса учебная практика с написанием итогового отчета, у бол-ва это бесполезная езда по заводам и лабораториям, куратором практики у меня был неадекват Л****** В.В с кафедры неорганики. Если ему что-то не понравилось, то твой отчет увеличивается в толщине из-за какого-то фиксика в его голове, который диктует ему идеи, мой отчет в итоге вышел 50 страниц вместо положенных 25.
2-й курс плавно начинает погружать на дно этого факультета, так как начинается курс аналитической химии, кристаллохимии, экологической химии и тп.
Коротко: сама аналитическая химия это интересно, но преподавательский состав максимально показывает тебе, что ты дно и тупой и тебе не место здесь, лекции читает С******* Л.И. - человек-настроение, в один день ты можешь быть лучшим для неё, а в другой день ты амёба, мне, если честно, до сих пор кажется, что у нее биполярка, потому что такого плавучего отношения и настроения, я нигде не видел до сих пор, лично я ее не особо люблю до сих пор и считаю, что настроение должно быть вне работы. Понимание лекций также зависит от ее настроения, в один день она всё разжовывает, в другой - объясняет как доктором наук, но это все восполнимо учебниками. Также Л.И. ведет методы математической статистики, умеешь считать - сдашь и главное - она очень любит свою подгруппу и ей заведомо проще сдать экзамен, при условии если ты не прогуливал. Лабораторные работы у меня вела М******а Г.И. - один из трех моих любимых преподавателей, очень добра к студентам, отлично доносит материал, сами лабораторки интересные и познавательные, в моей нынешней работе это реально помогло мне. Во втором семестре можно получить автомат, если будешь в призерах соответствующей олимпиады, у меня опять же не получилось))))
Кристаллохимия - говорят интересный предмет, но с пространственным мышлением я тогда не особо дружил, вел Т***в М.В. - ничего плохого не скажу и никогда плохого не слышал о нем, но кристаллка не моё.
Экологическая химия (или экология и химия) - из названия ясно, что это за предмет, и он максимально бесполезен, у меня он был по субботам, на него можно в принципе не ходить, так как преподаватель В********я Т.Э. в принципе не обращала на посещаемость внимания, главное сдать реферат. я его сдал с 4 раза, так как брал его с интернета и вообще не читал его перед сдачей.
Философия - бесполезный предмет, у меня его вел дурачок с ЧСВ, на экзамен лучше не идти, так как учить эту х***ю нереально
Информационная культура химика - вел чудаковатый и юморной молодой пацан, зачет на изи
3-й курс - начинается самый п****ц, идет бол-во профильных предметов и в дико огромном количестве.
Органическая химия - на момент моего обучения 1-й семестр лекций читал К******* В,А. - мэтр органики, в библиотеке всегда есть его учебник и по нему очень просто готовиться, гениально написано; как вы поняли, если есть идеально написанный учебник, то зачем ходить на лекции?))) я так и поступал, благо лекторам на тот момент было все равно на посещаемость, 2-й семестр лекций читала тогдашний завкафедры А****** Т.И. - на лекции почти не ходил, а если ходил, то спал, потому что такую монотонность выдержать невозможно. Лабораторые работы в 1-ом семестре у меня вел С***** О.Ю. - классный мужик, второй мой любимый преподаватель, тот случай, когда требовательность обоснована, очень интересные пары, он читает курсы физических методов исследования и хроматографии, его стоит слушать. Во втором семестре лабы вел у меня Ж***** М.Е. - картавый пацанёнок в очках с противным голосом, который считает, что знает больше учебника, с ним тяжело, у него не пары, а просто духота. Экзамена по органике нет, только рейтинг, а рейтинг это контрольные, лабы и олимпиада в конце курса, которая добавляет баллы за отличное участие, я осилил оба семестра на отл.
Квантовая химия - максимально трудный и бесполезный предмет. гольные расчеты. у меня его вёл какой-то мужик похожий на Малахова (честно не помню как его зовут). Все идут на экзамен.
Физическая химия - 75% материала это бесполезная вода, теоретическое описание химических реакций, на лекции можно не ходить, на них не отмечают. Первый семестр лекций читает А********* А.П. - самый спокойный преподаватель в мире, я ни разу не слышал, чтобы он на кого-то крикнул или в чем-то упрекнул, лучший на кафедре, если не на факультете по качеству преподавания, к нему всегда можно подойти и с задачей и с контрольной, проверено - всегда помогал. Второй семестр лекций читает завкафедры К******** Н.Б. - дедушка под 2 метра, которые очень любит объяснять себе под нос и загораживать доску и никогда не любил стирать записи с доски, а просто писал поверх другим фломастером, выводы делайте сами, стоит ли оно того или нет. У меня лабы в 1-ом семестра вела известная МС, молодая на тот момент доктор наук с ЧСВ примерно как высота небоскреба Бурдж-Халифа, при ней я познал что такое настоящее моральное насилие: с ней что лабы, что контрольные, что коллоквиумы - это просто п****ц, из преподов меня никто так морально не порол как она. Во 2-ом семестре лабы вел Ц****** М.И. - если вы любитель газовых камер, запаха пота, нестиранной одежды, то прошу к нему на лабы, за 3 пары вас там торкнет, любое другое на фоне этого меркнет. По физхимии реален автомат: 1-ый семестр - олимпиада(я осилил ее и МС даже простила мне долги), 2-й семестр - беседа с завкафедры (запудрить мозги о том, какие его исследования великие и он ставит 5 автоматом)
Химическая технология или химтех - интересный предмет, теория химпроизводств, мне нравилось, легко получить автомат.
Биохимия - кто идет на саму биохимию, тем реально надо, но если преподаватель кришнаитка-вегетарианка-феминистка с презентациями толщиной примерно как сочинения Ленина, то предмет теряет свою актуальность и имя этому преподавателю Л****** Е.В. Каждая презентация у нее по 50+ слайдов, которые она листает как брошюру с косметикой у себя дома, записать что-то не успеваешь и забиваешь и просто спишь, благо она дает презентации для подготовки к экзамену. Можно получить автомат, но с таким преподношением материала лучше сходить на экзамен и изи сдать его.
Физические методы исследования - интересный предмет, Олег Юрьевич ван лав, о нем я выше рассказывал, у него даже зачет сдавать интересно.
Геохимия и минералогия - дурдом, лучше не ходите на лекции, и готовьтесь сразу к зачету, муторно, монотонно и неинтересно
Экономика - бесполезный предмет, зачет на изи
Педагогика и психология - бесполезный предмет, зачет на изи
Третий курс заканчивается литсинтезом (как бы курсовая работа, но в рамках одного предмета) на лабах по органической химии, мне достался синтез из 4 стадий на 3 недели работы (М.Е. привет), в других подгруппах были синтезы на 1 стадию примерно на день работы. После всего будет производственная практика с написанием итогового отчета и защитой его на своей кафедре - я уже перегорел учиться и поэтому купил её (осуждаю) и всё лето кайфовал. Также после этого курса идет распределение по кафедрам, я пошел на кафедру аналитической химии, о чем потом дико пожалел.
4-й курс - еще чуть-чуть и это кончится, но....
Строение вещества - как бы квантовая химия, но что-то другое, ведет это декан факультета К******* А.А. - чистая совдеповщина, лекции не обновлялись лет 300, пользы от предмета никакого, но А.А. считает иначе и насилует как может. Оценка по рейтингу, экзамена нет.
ВМС или химия полимеров - мне всегда нравилось, интересные и лекции и лабы, лектор К******* Т.И., которая вела у меня лабы. Автомат реален, сдавай лабы и контрольные.
Коллоидная химия - химия дисперсных систем (золи, гели, пены и тп), милый преподаватель П******* И.В. - о ней только хорошее. предмет в принципе нетрудный и местами интересный. Если учить, то легко получить автомат.
Хроматография - метод разделения и выделения веществ есть такой, О.Ю. снова ван лав, предмет интересный, лабы так себе, объясню в конце почему всё так.
История химия - ни на одной паре не был, так как ведет завкафедры физхимии, в конце сдаешь реферат и ставят зачет.
БЖД - аутизм, зачет на изи
Методика преподавания химии в школе - по моему мнению, если хочешь преподавать химию в школе - иди на педагоге, в рамках химфака этот предмет бесполезен, при этом его ведет декан со своими совдеповскими методами. По нему есть педагогическая практика с оценкой - ведешь уроки у школьников, бол-ву учеников неинтересно, можно на отвали рассказать, показать пару реакций в лабе и написать отчет и будет тебе 5.
Спецкурсы - все зависит от кафедры, опишу мои: методы разделения и концентрирования (неинтересно с душно), анализ объекта (круто, интересно и познавательно) оба вел молодой пацан Антон Леонидович, можно простить за неопытностью, мат.статистика (изи)
На этом же курсе будет 2 курсовых и собственно диплом. Все зависит от научного руководителя, мне с ним неповезло, он то уезжал, то ему п***й, итого обе курсовые и диплом сделаны из Г***А и палок и заслуженно по ним низкие оценки.
Итог: по моему мнению на химфак поступать не стоит, так как:
1) Преподавательский состав либо совдеповщина с лекциями полувековой давности, либо молодые и неопытные спецы или просто по своей сути научные работники, но не преподаватели
2) Много бесполезных предметов, по которым требуют
3) Ужасное матобеспечение кафедр (реактивы, приборы всё старое). поэтому бол-во лабработ, курсовых и дипломов делаются хз из чего, хз как
4)Предвзятость - преподаватели между собой общаются и, следовательно, слухов и сплетен не избежать
5)Перспективы - никаких (аспирантура за копейки, на заводе или в лабе за копейки), всё что говорят в начале обучения - п****ж. не верьте никогда (особенно декана)
6)Студофис - они никогда ничего не знают, к ним идти за какой-либо помощью бесполезно
Но у всего этого есть и плюсы:
1) Есть преподаватели, у которых интересно учиться.
2) Химфак сам по себе очень развивает мышление, так как учеба там не из простых.
3) Там весело, так как таких фриковых (особенных) преподавателей не на каждом факультете встретишь.
4) Если есть связи - найдешь нормальную работу, я из таких
Поэтому уважаемые будущие абитуриенты и их родители, не идите в этот рассадник бреда. Если кому что интересно дополнительно (89941031152 - один из моих номеров, если что пишите ватсап)&quot;",negative
"


Сейчас учусь на 1 курсе на направлении «Востоковедение» в ДВФУ. Уже сформировалось негативное мнение об этом университете, если его вообще можно назвать университетом.
Из плюсов ДВФУ - это организация пространства в университете, красивый ландшафт на территории кампуса и общежития. Как вы догадываетесь, они не могут характеризовать двфу как университет.
Причины, по которым вам на стоит сюда поступать:
1) нехватка преподавательского состава. Факультет «востоковедение» относится к подразделению Восточный Институт. В его составе есть ещё «Переводоведение» и другие. на данном факультете 2 группам долго искали преподавателя. Чуть ли не до ноября у нескольких групп не было китайского языка , потому что его было некому преподавать. И я могу предположить, что и у меня не будет преподавателя. Отсюда увольняются люди. 
2) плохое качество преподавания языка. То, что в двфу высокое качество преподавания восточных языков, уже не относится к настоящему. Мы занимаемся китайским в огромных группах, нас 22 человека и в таком коллективе мы учим иностранный язык. А теперь вспомните уроки английского, когда вы занимались им в составе всего класса. 
3) не уважающие студентов преподаватели.
4) ужасная о...Показать полностью...рганизация пар. Например, я учусь в некоторые дни с обеда, а в некоторые - с утра. И в двфу нормально, что выходной - во вторник, нет пар. 
5) низкое качество преподавания Английского языка. Опять же, занимаемся всей группой - 22 человека. Преподаватель оставляет желать лучшего 
6) отсутствие единой системы оценивания. кто-то оценивает по 10-балльной шкале, которые потом переводятся в классические 2,3,4 и 5. А кто-то оценивает сразу по пятибальной.
7) отвратительный учебный план. У меня нет предметов вроде философии, какого-нибудь права и т.д. Зато 3 года физ-ра. Здесь вы чувствуете себя ограниченным. Надейтесь только на свою тягу к знаниям.
8) некомпетентные или не осведомлённые сотрудники. Ещё до начала семестра в личном кабинете нужно было выбрать банк, от которого вы бы хотели выпустить стипендиальную карту. Никто ничего не знал, сотрудники бухгалтерского отдела впервые об этом слышали. 
ВЫВОД. Если вы хотите учиться, получать знания, быть в окружении интересных и целеустремленных студентов, то этот вуз не для вас! ",negative
"


Здравствуйте всем. Я учусь на первом курсе и хотел бы поделиться своими впечатлениями об этой шаражке. В первую очередь, с чем я столкнулся, так это полная неорганизованность. Людей набрали больше запланированного, на что жалуются даже преподы, мест в аудиториях не хватает, из-за чего многие сидят на полу и пишут длиннющие лекции, аппаратура тоже постоянно не работает, расписание нам сформировали только через 2 месяца обучения (до этого могло стоять 5-6 пар без единого окна, а перерывы всего по 10 минут). Как ни странно, но по непрофильным предметам очень хорошие преподы, интересно подают свой материал. В то время как профильные (а именно программирование) вообще не заинтересованы в том, чтобы чему-то научить студента. На парах по программированию вообще ничего толком не рассказывают, не учат. Просто дают группе задания и работают только с теми студентами, которые ранее изучали необходимый язык (с, с++). Многие из нас сдавали егэ на питоне, и язык Си для нас новый. Но, как я уже сказал, преподам на это все равно. Когда я только поступал, в приемной комиссии мне сказали что всему научат, и поступать можно даже с нулевым знанием языков программирования. Неплохо мне лапшу на уши повес...Показать полностью...или, да?). Препод по матанализу тупо зачитывает презентации, толком ничего не объясняя, подшучивая, что предвкушает как нас отчислят. У меня есть огромное желание учиться, стараться, но наплевательское отношение преподов двфу просто убивает все это желание. Еще в двфу очень е*****я рейтинговая система, ты чуть ли не на каждой паре борешься за &quot;плюсик&quot;, который поможет тебе повысить рейтинг и шансы на зачет. В моем корпусе даже столовой нет, и приходится постоянно ходить в соседний Б. Если вы живете в городе, то задумайтесь о том, чтобы приобрести автомобиль, либо же тратьте 200р на проезд каждый день). В общем, не советую эту контору, если вы набрали достаточно баллов, лучше подсмотрите место обучения получше. Двфу вам даст ровно Н И Ч Е Г О.",negative
"


Я приглядывалась к отзывам к ДВФУ на этом сайте еще при поступлении и сейчас, будучи на 4 (выпускном) курсе, я убеждена, что именно негативные отзывы являлись абсолютной правдой.

Если начинать с плюсов, то здесь можно упомянуть разве что действительно красивый кампус, но об этом уже каждый успел написать. Сомнительным плюсом можно назвать качество образования – сомнительным потому, что качество его зависит сугубо от направления. К тому же, на многих направлениях здесь вы можете приобрести хорошие знания, но только вкупе с поломанной психикой, как на моем – востоковедение и африканистика. 

Минусы однозначно превалируют, когда дело касается ДВФУ. Честно говоря, большую часть головной боли, которую я получила за время обучения здесь, я получила именно из-за тупейшей организации университета (хотя, как было сказано выше, учёба также не мало поспособствовала мот нервным срывам). 
Во-первых, все мы знаем, все мы видели эти красивые фоточки кампуса. Не все, особенно абитуриенты, знают, что на самом деле, в ДВФУ будешь ты жить на кампусе или в городе определяет рейтинговая система, причём, балл для проживания на кампусе всё растёт и растёт – сейчас он составляет 4.3, т. е. даже если ты ч...Показать полностью...истый хорошист – дорога тебе только в город, где куча тараканов, общие души, забитые автобусы и много других прелестей древних советских общаг. 
Во-вторых, как вы могли заметить из предыдущего абзаца, дело здесь попахивает фамильяризмом. Если ты отличник, учишься на бюджете, то будешь получать все лавры и стипендию. Если учишься на договорной основе, не можешь претендовать даже на стипендию за всякие научные конкурсы и прочее, что никак не связано с учёбой. Почему? А черт его знает.
В-третьих, некомпетентность работников различных департаментов. Студенческий совет здесь является своего рода мемом – это очень зазнавшиеся господа, которые могут вводить всякие новшества, угодные только им, красть губернаторские стипендии, проводить странные никому ненужные мероприятия ради плюсиков в свои индивидуальные достижения, а соответственно добавляя монетки в свои копилочки. ДГиС и ориг, занимающиеся размещением студентов, работают невероятно медленно и не могут сделать ничего полезного: на данный момент я, которой из-за бага в личном кабинете, не посчастливилось попасть на вторую волну заселения, всё ещё ждёт свое место хоть где-то, а с начала учёбы прошло больше месяца, и с начала второй волны – тоже почти месяц. В чем, собственно, проблема дать мне бронь с моим высоким баллом? Риторический вопрос, на который ни Дгис, ни ОСС, никто вообще не сможет дать ответ. 
В-четвёртых, ДВФУ постоянно косячит. Абсолютно во всем. Косячит с аудиториями, в которых на работают и не чинятся проекторы, косячат с расписанием, на которое все жалуются, с частыми отключением холодного/горячего/всего водоснабжения (в прошлом году осенью горячей воды не было месяц, и вода была не просто холодной, А ЛЕДЯНОЙ), да даже с сайтом, который ложится каждый раз, когда на него заходит больше 10 человек. А через сайт студенты заходят в личный кабинет, в котором смотрят расписание, подают заявки, пользуются почтой, каталогом читального зала, показывают пропуск при входе в корпуса... в общем, неотъемлемая вещь. 

Последний обширный минус – тот факт, что ДВФУ на о. Русском изначально строился ради ВЭФа. И хотя сейчас большую часть года кампус отводится под дела университета, на самом деле, срать все хотели на то, что это вообще-то университет. Всё делается ради ВЭФа. Студентов, даже если у них летняя практика, выселяют, чтобы заселить господинов с форума. Под них же подстраивается начало учебного года – как великие с ВЭФа наговорятся на своем форуме, только тогда можно и учёбу начинать, и студиков заселять. Все чинится ради ВЭФа и приводится ради него в порядок, а после его окончания студенты заселяются в грязные комнаты со сдвинутой мебелью. В общем, здесь вы и преподаватели второй сорт.

Подводя итоги, скажу, что в ДВФУ стоит поступать только если у вас действительно есть запал на ту специальность, которую вы выбрали, и ТОЛЬКО если вы высокобальник. Быть платником здесь практически сравнимо с существованием в виде таракана или свиньи – ваша семья платит огромные деньги (а ввиду инфляции обучение каждый год дорожает), а взамен вы получаете отвратительное отношение к себе. 
",negative
"


Мне говорили, что на ДВ самая худшая Юриспруденция именно здесь, в ДВФУ. Мне жаль, что эти слова в одно ухо влетели, а из другого вылетели.
Если вы действительно хотите получить знания в юридической области - молю, не поступайте сюда. Преподаватели, может, люди и умные, но крайне непедагогичные. И даже понимая, что в Вузе за вами никто не будет бегать, такое отношение к студентам - это жутко. Не придти на пару? Без проблем. Завалить кучей вопросов, не втягивая студентов в тему? Без проблем. Обидится на одно слово, которое даже по идее не обидно? Без проблем. Отправить на комиссию, ну просто потому что захотелось? Да пожалуйста. 
«Преподаватели».. Одно слово по факту и никакой деятельности. Требуют от студентов столько, будто бы они уже не студент, а кандидаты юридических наук, при этом объясняя буквально 5% от всего нужного. На семинарах могут просто уйти в свой монолог, забив на студентов. Это крайне грустно, знаете? 

Безусловно, тут есть и положительные моменты, но я таковых для себя отметить толком не могу.",negative
"


За 4 года обучения о вузе сложилось двоякое впечатление, с одной стороны - всей душой его полюбила, с другой - столько крови он у меня выпил. 
Выбранное мною направление подготовки, гостиничное дело, изначально, наверное, было скажем так &quot;не моим&quot;, и тут полностью моя вина, что не все в плане его специфики мне приходилось по душе. Однако, за время обучения мне действительно полюбился второй иностранный, хотя его и было всего две пары в неделю, был отдушиной для меня наряду с некоторыми другими предметами (например, мне неожиданно зашла эконометрика, никогда с математикой не дружила, но преподаватели настолько крутые были, что я все поняла) и внеучебной деятельности (дальше расскажу). В общем, скажу так - если не знаете точно, зачем вам изучать гостиничное дело, те не собираетесь развиваться в сфере гостеприимства или сервиса/смежных сферах, не ходите туда, не ожидайте как я, а вдруг понравится. Потому что, несмотря на относительную легкость образования (ребята, гостиничники и туристы, ну правда, нам не сложнее, чем китаистам, вот где реальная зубрежка), вам порой будут давать очень странные задания, будут заставлять работать над проектами (неплохой опыт, и все же это ШЭМ,...Показать полностью... но давайте будем честными, чаще всего это проекты ради проектов, очень малая их часть даже просто доходит до заказчика, что уж говорить о реализации), и, что больше всего меня расстроило, мою тему диплома забраковали ввиду того, что преподаватель просто не понял ее специфику. Это было очень обидно, потому что в итоге диплом писать было тяжко на тему, которая не очень меня интересовала. Расписание порой было дикое, на 4 курсе иногда было по 4-5 пар, и в итоге нам не дали ничего по экономике гостиничных предприятий. Все четыре года обещали специфическую экономику, бухучет, финансовый анализ (ну ШЭМ же), мы ждали, обещали экскурсии, поездки, но так ничего и не сбылось. Из хорошего - многие преподаватели очень обаятельные, добрые и отхывчивые.
И все было бы довольно мрачно, потому что действительно на 4 курсе пропало всякое желание учиться, преподаватели удивлялись, что это случилось с хорошей студенткой, было бы, если бы не внеучебка. Я открыла ее для себя еще на первом курсе, была активным членом ассоциации российских и иностранных студентов, возглавляла проекты, познавала мир через общение с иностранцами, а романтические истории какие унесла из универа (подробностей не будет, но поверьте на слово, оч весело было, хоть книгу пиши). Через внеучебку я познакомилась с огромным количеством людей, и мне эти связи очень пригодились. Ну и культурный шок - ребята, общайтесь, после общения с иностранными студентами многое в их поведении для вас прояснится (и многое станет загадкой еще большей). Тусовочки студсоветов мне вот не зашли кстати, но возможно я для них слишком стара и слишком не люблю русскую музыку. Но это так, личное, вообще в ШЭМе неплохой студсовет.
На общаги я бы не очень рекомендовала пускать слюнки, там уж как повезет, можно в тараканник попасть вполне (ну, создать его тоже дело нехитрое). Однако, сравнивая с другими вузами, очень неплохо. Но вот городские - это нечто. Уже перестала бороться с тараканами и плесенью, словила жесткий упадок сил в связи с условиями проживания здесь, просто считаю дни, когда отсюда выеду. Но в целом, если сделать ремонт и постоянно травить тараканов и бороться с плесенью, жить можно. Что касается кампуса, ну вы сами все видели, красота да и только (хотя архитектура некоторых зданий и вызывает множество вопросов).
Почему ж отзыв в положительных? Да потому что полюбила этот вуз всей душой со всеми его изъянами. Планирую продолжать в нем учиться и пытаться делать его лучше. Безусловно, он не самый лучший, ему еще расти и расти до фразы &quot;ДВФУ - это лучший вуз&quot;, но вы знаете, дайте ему шанс.",positive
"


Добрый день, я первокурсник и поступил на Менеджмент, хоть текущий срок обучения небольшой, но рассказать общую картину о ВУЗе, о том кому стоит сюда поступать, а кому нет могу. Для начала, дорогие со страдальцы (Абитуриенты), абсолютно любой ВУЗ регионов, а может и столичный, будет обладать почти тем же наборов минусов что и ДВФУ, однако его плюсы (Если вы понимает всю прелесть Российской системы образования и трудоустройства) с головой перечеркнут минусы. А теперь к делу:
1-Кампус
ДВФУ обладает поистине уникальным местоположением, пускай вас не смущает отдаленность от столицы, кампус можно назвать городом, где живут такие же как и вы, красивые внутри и внешне корпуса, потрясающая и окутывающая природа, дубы, сакуры, водопад, потрясающий вид на море и Русский мост, озерца с утками и прочее. Есть магазины, внутрикампусные автобусы, больница, аптека, почта и в каждом  учебном корпусе есть как минимум 2 кофейни или кафе(недавно открыли саб) ну или на крайний случай вендинговые автоматы во всех корпусах, в том числе и общагах. Безусловно на набережную по выходным будут приезжать городские, но они в основном там и тусуются. Да, до города где есть хоть что то нужно будет ехать минут 20 ...Показать полностью...(До центра 45 примерно), да и сам Владик очень не дружелюбен для пешеходов, но выезжать вам туда придется не часто, а развлечься есть где
2-Стипендия
Тут скажу коротко и по полочкам, ну и немного о особенностях
Стандартная стипендия 3000 р (Получаешь весь 1 семестр независимо от баллов, слетаешь после 3 в зачетке)
Повышенная 7700 р (Если вся сессия на 5 закрыта)
Высоко бальная 5000 р (В 2021 если за ЕГЭ больше 250 баллов так же получаешь 1 семестр, а потом она заменяется обычной)
Приоритетная 4000 р (Вместо стандартной у приоритетных направлений списки публикуют на сайте)
Социальная 11000 р (Если есть инвалидность и т.д )
Помимо так сказать этого стандартного набора присутствуют куча дополнительных типа президентской, правительства и тд
Но отдельно хочу выделить общественную она составляет вроде + 9000 р (К твоей стандартной) выдается за твою внеучебную деятельность, если ты волонтер или делаешь дизайны, видосы, посты, в твою книжку общественную записывают мероприятия в которых участвуешь и в конце каждого семестра выбирают тех у кого таких мероприятий больше, и уже на этот семестр у тебя идет данная надбавка, но ее не будет если у тебя нет стандартной стипендии, что обидно(
Кстати если у тебя за ЕГЭ больше 250 баллов то тебе еще и билеты до владика компенсируют
3-Качество жизни
На мой взгляд этот пункт самый важный в послешкольный период, ваше душевное состояние напрямую влияет на производительность и успехи в проектах, и тут снова плюс, за счет природы в шаговой доступности ты можешь отвлечься и забыть про проблемы, к этому идет еще и энергия, которая буквально витает здесь, каждый месяц какие то события которые генерят сами студенты, сама атмосфера дружелюбная очень, конечно в каждом обществе есть &quot;особые личности&quot; но таких я здесь лично не встречал, нет буллинга, странных стереотипов, ты ощущаешь себя частью семьи и это толкает идти вперед
Не забывайте, что на кампусе вы максимально сепарируетесь от родителей, приходится самому распределять деньги, убираться, готовить и прочее, это сильно бустит вашу осознанность и лично для меня огромный плюс
4-Затраты(больше для родителей)
Чтобы комфортно жить мне хватает в месяц около 16 тысяч(3960 из которых я плачу за общежитие)
Плюс иногда удается экономить на проезде в город, ведь у ДВФУ есть служебные шаттлы, которые довезут вас практически везде, куда вам понадобиться(они бесплатные)
5-Образование
Честно говоря из 13 дисциплин, что у меня были за 2 семестра (9 в первом и 11 во втором) интересных предметов было от силы 3
Это проектная деятельность, макро и микро экономика и бизнес симулятор, остальные- либо не до конца продуманные, либо преподаются посредственно, удобно смотреть расписание в телефоне через приложение, но первые пару недель готовьтесь к тому что оно будет меняться достаточно сильно
Итог
ДВФУ отличный ВУЗ для тех, кто не видит себя в мире науки, разочаровался в школьной программе и кто просто понимает, что быть человеком 1 дела не его, сюда стоит приходить предприимчивым людям, кто готов к несовершенствам системы, кто не надеется на работодателя, кто хочет найти новые интересные и полезные связи и кто хочет подготовиться к взрослой жизни и войти в нее после ВУЗа как в теплую ванну
P.S Ванну можете принимать хоть каждый день, оплата общаги фиксированная) 
Ну и языкоореинтированные программы здесь достаточно хороши",positive
"


Мое мнение не особо экспертно, потому что я проучилась только год, но все же решила написать отзыв. 
Начнем сначала. Когда я выбирала ВУЗ для поступления я категорически отказывалась поступать в ДВФУ. Кровью и потом я получила достаточно высокие баллы, с помощью которых я могла бы пройти на бюджетное место в Москве, но почему-то решила остаться. Это было очень сложное решение, но все же, не смотря на всю мою ненависть к ДВФУ (вызванную  отзывами на сайте) я выбрала именно его. 
Кампус: 
Говорить нечего, однозначно лучший. Все красиво и аккуратно, мусор не валяется, современные постройки. Тут фото говорят сами за себя. Единственное, есть проблемы с автобусами, которые ходят не так часто, как обещано, поэтому попасть на них утром = оказаться середкой в банке. 
Общаги: 
Общаги приятные, очень хорошие. В комнате от 2х человек, в основном как раз по 2. У меня в комнате нет тараканов, но если вам повезло жить рядом с индусами, то пиши пропало. Нет комендантского часа, вы можете прийти хоть в 3 часа ночи. Явным минусом является ковровое покрытие. Ну это реально бред класть подобного рода покрытие в комнаты, где студенты готовят, пьют, едят и т д. Я так разлила молоко на него и я думаю вы ...Показать полностью...понимаете как я долго чистила ковер, что бы потом не воняла скисшей молочкой. Убирают раз в две недели, что недостаточно для коврового покрытия. Мы с соседкой обладатели длинных роскошных волос, которые просто везде, но сами мы их убрать не в состоянии. Так же личной проблемой, которая изрядно бесит, но тут ничего не поделаешь, будут охранники, но так во всех общагах. То есть у вас не комендантского часа, в отличие ото гостей, которых вы обязаны выпнуть в определенное время.  И самый большой минус это РАУ. Если ваш средний балл за учебный год будет меньше нужной цифры вас переселят в городские общаги, где все далеко не так радужно. И сначала я не предовала этому большое значение, ведь порог 4.3, а мой средний балл был 4,5, но вот теперь, когда подходит к концу второй семестр я не могу выразить все свои эмоции, ведь учусь я без троек, но сейчас имею вполне хороший шанс вылететь. Конечно вы сможете переселиться, но только через два месяца после заселения. К слову, если вы городской, но вам лень кататься на остров, то вы можете снять отель, он конечно дороже в два раза, но учитывая стоимость автобусов и пересадки, вы будете тратить столько же. Еда на острове дорогая, с огромной наценкой. 
Учеба: 
Я говорю только про свою школу. Лекции в основном скучные и нудные, да и тем более мало что имеют с практикой, но вот практики сами интересные. Мне очень нравятся наши преподаватели (большинство). У всех свои тараканы, но подход найти можно. Есть парочку, которым я правда благодарна за старания. Мало преподавателей, которые пускают учебу на самотек, в основном требуют и требуют непосильные вещи. Последнее кстати минус. Не понимаю я как вопросы, которые мы не проходили могут оказаться в экзаменационном билете. 
Внеучебные занятия:
Активно развиты все виды деятельности. Куча кружков, организаций. Вы можете стать частью студенческого совета  (его качество зависит от школы и университета), вступить в РСО (после прохождения обучения вы сможете работать. Туда входят вожатые, проводники, строители и т д), куча спортивной деятельности. Есть даже кружок по настольным играм или анимации. На любой вкус и цвет, как говориться. Часто на территории ВУЗа проходят различные бесплатные тренинги и школы.
Администрация и т д:
Не знаю, у меня вопросов за все это время не возникало. Без проблем поступила, без проблем оформила досрочное закрытие сессии. ",positive
"


Обращение к абитуриентам: пожалуйста, пообщайтесь со студентами своего будущего направления, а не основывайтесь на различных отзывах в интернете (в том числе и на моем).

Ну а теперь о моем опыте.
Международные отношения, 3 курс.
Говорю сразу, поступала я сюда не ради профессии и знаний, дипломатом стать не мечтаю, в МИДе работать тоже желания нет. Зачем? 
Касательно моего направления, оно даёт ооочень сильный английский язык, плюс минус нормальный второй (испанский китайский японский корейский на выбор). Что по остальным предметам - есть душные, есть не нужные, но в целом понимание политики и международного права даёт. Учиться не напряжно, но интересно.
А теперь о лучшем, что есть в этом вузе. Он даёт не столько супер важные и актуальные знания, сколько связи и возможности развития в любой желаемой вами сфере.
Нравится дипломатия и хотите себя попробовать в дебатах? О, у нас есть Модель ООН, выиграв в конференции которой можно полететь в Нью-Йорк. Занимаетесь спортом? Играйте за сборную вуза и стипендию огромную получайте. Нравится наука и исследования? Добро пожаловать в научные общества. Всегда считали себя Гуманитарий но внезапно решили себя попробовать в программировании? И эт...Показать полностью...о тоже можно.
И я сейчас даже не про обилие студенческих &quot;кружков&quot;. Это не просто объединения по интересам. Здесь можно нормально так набить свое портфолио и потом устраиваться в топовые компании в России и за рубежом.
Итог.
Двфу для вас если вы:
- Не хотите тратить ВСЕ свое время на учебу, а планируете совмещать её с работой/внеучебкой/личной жизнью в конце концов
- Еще не определились на сто процентов со своей специальностью, не уверены в своём выборе, не хотите убиваться ради получения профессии, по которой не факт что захотите работать
- Хотите получить от высшего образования в целом что-то большее, чем корочку &quot;престижного вуза&quot;, с которой конечно же будете нарасхват у работодателей (нет)
- Хотите жить, а не выживать
Двфу НЕ для вас, если:
- Надеетесь что название вуза на вашем дипломе будет что-то для кого-то значить 
- Ничем не планируете заниматься и никак не планируете развиваться за пределами своего направления и своих предметов.

Короче, ДВФУ даёт просто офигенные возможности получить реальный опыт (работы, проектной деятельности, софт скилз) который вам реально пригодится. Получите вы его или нет - зависит то от вас.",positive
"


Что ж... Если бы я знала, что меня ждет в ДВФУ, то никогда бы не подала документы и не поступила бы сюда. 

Я выбирала между направлениями конфликтология, реклама и связи с общественностью и гостиничное дело. Решила оставить свой выбор на гос.деле после настойчивых звонков, в которых мне чего только не обещали! (и стажировки заграницу, и поездки в тот же СПБ изучать языки и так далее). Будучи неопытной абитуриенткой я, конечно, во все эти сказки поверила и поступила. О чем ОЧЕНЬ, повторюсь, очень сильно пожалела... На первом курсе ждите множество предметов, не связанных со специальностью! Вы просто будете в ауте от такого количества МАТЕМАТИКИ, причем КРАЙНЕ сложной математики, на которой еще и валят, поэтому добро пожаловать на комиссию... Помимо этого еще есть и непонятный, от слова совсем, предмет «ВДКМ», из-за которого вы и вовсе лишитесь стипендии, будете вечно пилить презентации, от которых у вас уже глаз начнет дергаться, причем, чтобы разобраться, как делать эти презентации, надо еще постараться + баллы у вас будут снимать ВСЕГДА. А чтобы написать эссе по этому ВДКМ, надо будет пройти все круги ада! Да и возникало чувство, что сами преподаватели вообще не понимают, не знают...Показать полностью... своего предмета, что уж говорить о студентах! Аналогично с предметом «экономическое мышление». Также пилите презентации по книжкам, а преподавателю вообще свой предмет неинтересен, тк всю пару (НА КОТОРЫХ ВСЕ КАЖДЫЙ РАЗ ТУПО РАССКАЗЫВАЛИ ПРЕЗЕНТАЦИИ), он сидел в телефоне. И это качественное образование? Интересно, а за что такие деньги? Вот за ЭТО? Сложилось мнение, что это не университет, а шарашкина контора, да и только. Валят только так: по поводу и без. Были случаи, что пары шли аж до 10 вечера. В общем, это просто ужас какой-то, никому не советую поступать сюда, если вам дороги ваши нервы, здоровье и свободное время. Я очень рада, что сбежала оттуда, не закончив даже 1 курс. 

Но есть и плюсы, хоть и минимальные. 
1) Общежитие. Да, оно действительно одно из лучших в России, но о нем, если у вас будет недостаточный рейтинг, можете забыть после 1 курса (зато иностранцев селят на все время обучения).
2) Инфраструктура. ДВФУ будто мини-город, почти всё в доступности, но добираться постоянно с острова в город (и наоборот) в полностью забитых автобусах очень сильно надоедает! 
3) Стипендия. Идет минимум от 3к, но вы можете ее повысить за счет всякой деятельности или хорошей учебы, но опять же, в случае тройки после зимней сессии на 1 курсе можете о ней забыть.
4) Множество площадок для саморазвития. Вот это огромнейший плюс, если вы в этом заинтересованы. В ДВФУ множество кружков, много иностранцев, с которыми очень интересно поболтать и тд и тп.

Пожалуй, на этом плюсы заканчиваются... Если выбора, кроме ДВФУ, у вас нет, то очень сочувствую, потому что лично для меня учеба в ДВФУ была худшим периодом. В нашей группе ни у кого не было интереса к учебе, все пары, честно говоря, очень скучные и велись на отвали.",negative
"


Я мама студентки 2го курса. Прочитала отзывы, просто ужас! Столько негатива! Вот, скажу, не верьте плохим отзывам. Дочь приехала учиться по специальности &quot;биология&quot; достаточно издалека, из Пермского края. В процессе подготовки к ЕГЭ, мы &quot;прошерстили&quot; программы всех ВУЗов России по нашему направлению, оценили шансы на поступление. Программы разные, очень заинтересовали программы Калининградского Федерального университета и ДВФУ. Из пяти Вузов (гг. Москва, Питер, Калининград, Пермь, Владивосток), куда подали документы и проходили по баллам, всё же выбрали ДВФУ. У нас тоже есть университет, и та же специальность преподаётся, но применимо к желанию заниматься биологией и перспективам подходит только ДВФУ.
Нравится:
+прекрасные общежития на кампусе
+большие аудитории
+отзывчивые, компетентные  преподаватели
Честно говоря, я думаю что если студент не &quot;филонит&quot;, а учит и интересуется предметом, любой &quot;препод&quot; будет благосклонен и заинтересован &quot;давать&quot; предмет. У меня за плечами учёба в медВУЗе, работа врачом, преподавательская практика и опыт ведения бизнеса, поэтому знаю, о чём говорю.
+финансовая поддержка студентов, желающих учиться
+п...Показать полностью...рекрасно поставленное информирование абитуриентов на этапе поступления, зачисления
+активные кураторы для первокурсников(помогают решить любой вопрос)
+замечательно подаётся информация по любым направлениям деятельности ВУЗа на сайте и в ВК
+шикарный медицинский центр
+широкий круг общения (ребята приезжают со всей России)
+ОЧНОЕ!!!! обучение, не дистанционное, как во многих ВУЗах страны
Итак, подвожу итог. ДВФУ- замечательный ВУЗ. И, хотя, билеты на самолёт дорогие, лететь сутки, а на поезде вообще 7 дней, дорогая жизнь во Владивостоке, по сравнению с нашим регионом, оплата за общежитие тоже не из дешёвых, НО! дочь очень рада, что поступила и учится именно здесь по своей специальности.",positive
"


учитывая что стоимость за обучение потихоньку (с каждым годом) приближается к ценам московских вузов, то лучше сделать выбор в сторону запада, а не идти на восток 
тут особо нечего ловить, преподаватели увольняются, предметы убирают из программы, оставляя конкретную чепуху, на которых ничему полезному не учишься
удобно, что есть кампус и, сравнивая с общежитиями др. вузов или городскими, то условия вполне неплохие, только задалбываешься ездить на забитых автобусах час до центра, а на такси только в одну сторону с острова от 350 руб
город владивосток дорогой для жизни, поэтому опять же лучше выбрать москву или питер
из-за ковида условия учебы стали еще хуже, но это уже конечно не вина вуза
а так, если вы местный, у вас есть квартира, где можете жить, машина от родителей, то почему бы и нет, обычный, но хайповый местный вуз, правда дорогой для такого уровня образования
",negative
"


Многие считают, что ДВФУ - это прекрасное место с красивой территорией, пляжем и инфраструктурной, и безусловно это так. Но как известно книгу не судят по обложке, поэтому постараюсь написать наиболее объективный отзыв о Внутренним содержании данного заведения.
Во-первых, обучение в ДВФУ стоит дорого даже по меркам европейского обучения, хотя есть одно значимое отличие - диплом по всему миру, конечно, же не котируется.

Цена на обучение растет с каждым годом ( примерно на 2-3%) в связи с инфляцией, однако улучшение качества образования не наблюдается, а в этом году обучение и вовсе было дистанционным, то есть в основном за наши ресурсы ( компьютеры, телефоны, веб-камеры, интернет и т. д.). Конечно, даже на заочном обучении необходимо оплачивать труд преподавателям и сервисам по содержанию электронных ресурсов, но всем известно, что на заочное обучение ресурсов уходит меньше. Тем не менее даже в этом году плата за обучение была превышена традиционно на 2-3%.
Во-вторых: сервис ужасен. Отделы работают, когда им вздумается, как и документоведы, работающие на кафедрах, которые появляются на рабочем месте через раз. В столовой ( и одной, и второй) постоянно ломаются терминалы из-за чего ...Показать полностью...студенты, не привыкшие носить по-старинке наличные, уходят не солоно хлебавши.
Кроме того, в этому году студентов запугивали выселением с первого июля ( когда с 1 июля начинается сессия), понимая, что после официального объявления карантина ( у нас в ЮШ, в других школах не знаю), не у всех есть возможность вовремя вернуться домой к экзаменам, по причине отсутствия билетов в период отпусков ( июль как-никак), а кому-то возможно просто хочется провести сессию на кампусе.
Администрация ДВФУ своевременных решений не принимает. Например, в ноябре-декабре 2020 года, не выходил официальный приказ о выходе на дистанционный режим обучения, из-за этого студенты просто месяц сидели на кампусе, попали в изоляцию после ледяного дождя, чтобы в конце декабря сходит на одну очную пару за месяц. ( так было у нас в юридической школе)
В целом, все пункты были освещены. Из плюсов, конечно, можно выделить красивый пляж, море и архитектуру кампуса, а также работу большинства преподавателей, но внутренняя организация ДВФУ ужасна, особенно на это жалуются выпускники, которые за 4 и более года многое повидали.
Хотелось бы, конечно, чтобы за ТАКИЕ деньги сервис был качественным и проявлялось больше здравого смысла и уважения к обучающимся.
",negative
"


Учимся на востоковедении- китайский язык... Двфу - красивая обёртка, с подозрительной ночинкой. Общежития на острове не впечатлили, грязный ковролин, куча тараканов. Ковролин не помоешь, растёт антисанитария, тараканы выползают из труб раковины...мрачная атмосфера, скрывающаяся за внешней привлекательностью. Видно, что строения приходят в негодность. Про обучение можно составить отдельную тему.. У нас оно с ноября дистанционное, вуз интерпретировал как образование офлайн на онлайнплатформе. Для изучения китайского языка это ни о чем, особенно практика речи, когда носитель языка сидит в Китае и имеет перебои с интернетом. Студент отправляет голосовые сообщения. Это не уровень, который был в восточном институте двгу. Именно из-за восточного и пошли в двфу. Полное разочарование. Языковая группа 20 человек, экономия на педагогах. Английский слабый, по учебнику также онлайн, преподавателя ни разу воотчую не видели. Учимся платно и думаем о переводе в другой вуз. Мы в таком формате можем и дома учиться без нервов. На острове все дорого, не продумано для студентов.Неорганизованность многих педагогических и житейских процессов.Двфу не стоит потраченных денег и нервов .Ведь многие отговаривали от этого вуза ввиду плохого качества обучения и коррупции. 
",negative
"


Итак, поступила в 2016 году на кафедру японоведения, профиль экономика Японии. Столкнулась в уже упомянутым бакалавриатом 2.0, который был просто отвратительным, абсолютно бесполезным, но вскоре всё, к счастью, свернулось, и учиться стало в разы лучше. Что касается конкретно моей специальности, я всем довольна. Преподаватели японского языка высоко квалифицированные, умело передают знания о языке и Японии. В 2019 году представилась возможность поехать на годовую стажировку в Японию, и стажировки в стране изучаемого языка — один из самых восхитительных вещей, которые может предложить ДВФУ. Множество японских ВУЗов на выбор, поехать на стажировку не сложно, а опыт такой учёбы очень ценен. Я целенаправленно поступала именно в ДВФУ, так как здесь сильное востоковедение, и ни разу не пожалела о своём выборе, учусь 5 год (если считать с годовой стажировкой) и собираюсь поступить в магистратуру. Конечно, не без минусов: есть предметы, которые совершенно бестолковые и непонятно, зачем они нужны нам, японистам, но уверена, что такое есть во всех российских ВУЗах, потому что в России, к сожалению, нет возможности выбирать предметы на изучение, как в иностранных ВУЗах. Но это вполне можно пере...Показать полностью...жить. Своей кафедрой более чем довольна, очень благодарна всем преподавателям-японистам, и особенно хотелось бы выделить Х****** О. А, Н***** И. Ю, Д****** А. А, Н******* В. Н. и П******** Е. В. Да и в целом, все преподаватели на нашей кафедре прекрасны, спасибо им огромное за знания.

Общеизвестно, что востоковедение в ДВФУ — одно из самых сильных направлений, где готовятся высоко квалифицированные специалисты. В Японии был шанс встретиться с японистами из других российских ВУЗов, и могу без сомнений заявить, что студенты из ДВФУ по знаниям явно не уступали московским, и даже обгоняли.

Я не знаю, насколько хорошо учиться на других специальностях, но востоковедение — это то, что в ДВФУ явно на высоком уровне. Если вам нужно изучение восточных языков, то ДВФУ — едва ли не лучший вариант. Бонусом идёт близость к азиатским странам, а значит, возможность за преемлемые цены поехать в азиатскую страну; плюс, конечно, сотрудничество ДВФУ с большим количеством заграничных ВУЗов. Для изучающего языки — это совсем не второстепенной важности достоинство. ",positive
"


Учусь в этом замечательном универе второй год на одном из направлений политехнического института ДВФУ и все нижесказанное будет именно о нем. Поступал из своей деревни целенаправленно сюда, решив, что образование в таком большом и крутом универе объективно должно быть лучше, чем в условном комсомольском КНАГУ, который я отодвинул в пользу фефу. Как же я ошибся:) Или нет? Давайте разберемся. Конечно, приехав на кампус даже не самый впечатлительный анонимус разинет рот от природы и архитектуры этого места. Действительно впечатляюще. Потом, правда, обнаруживается, что все без исключений корпуса собраны из картонных коробок (не буквально, конечно, но это надо видеть, когда у корпуса во время шторма срывает кусок крыши, а на верхнем этаже общаги после дождика дыра в потолке и лужа перед лифтом), что лично я считаю образцом лицемерия. Жилищные условия общежитий и стоимость проживания в них оправданы, но не более.  Также, стоит отметить, что огромные размеры фефу зачастую являются причиной опозданий. Так, допустим, за 10 мин тебе нужно добраться из корпуса E в лабораторию корпуса L, что удается не всем даже очень физически крепким ребятам. Однако я хотел поведать именно о системе образова...Показать полностью...ния в данном вузе. Она есть, но кусками и не всегда живыми. Здесь я прежде всего имею ввиду ввиду то, как в некоторых (да, не всех) дисциплинах материал выдается, а затем принимается в виде зачета или экзамена. Критерии оценивания отсутствуют напрочь, как и какой-либо намек на объективное оценивание знаний студента. Оценки за экзамены выставляются пальцем в небо. Сказать, что так везде и всегда - неправильно, такие случаи в  меньшинстве, но прецеденты были. Сильных и просто адекватных преподавателей много, их большинство, но есть некоторые очень интересные кадры, которые вовсю показывают свое хамство и не желание хоть немного услышать студента. Должен добавить, что в прошлом (2019) году мы были инженерной школой, а теперь бац и политех. Что-то кардинально от этого поменялось? В порядке нашего обучения, кроме титульников курсовых, ничего. А зачем? Я считаю что это очередной, ничем не прикрытый распил. О прочих и более явных прецедентах, как Бакалавриат 2.0 можете почитать другие отзывы. Это важно. О коррупции преподавателей слышал но, сам не сталкивался. В довершении хочу сказать, что если ты активный такой заряженный чел, то тебе здесь точно будет интересно. А полезно ли? Да, вполне. ЦПД и прочие фишки фефу и вправду достаточно хороши. Но над системой обучения стоит большой вопрос. Всего доброго.",medium
"


О том , что ДВФУ на самом деле отнюдь не такой , как на картинках знает каждый.Система образования низкая , преподаватели не способны увлечь своим предметом, многие ведут скучные лекции по выработанным годами планам. К сожалению, подавляющее большинство преподавателей сами ненавидят ДВФУ и мечтают уйти отсюда. Что касается меня, я подала сюда документы на иностранную филологию . Звучит интересно ( а на деле нет) , на дне открытых дверей нам обещали французский в качестве второго иностранного языка , а на деле же поставили немецкий. Разочарованию не было предела , ведь многие пришли сюда за одним , а получили совершенно другое . Мы даже пытались поменять язык , но естественно это НИКОГО НЕ ВОЛНУЕТ и нам отказали . Мне до сих пор горько от такого пофигистического отношения . Ещё хотелось бы добавить про  ужасное местоположение вуза,тем кто живет в городе суждено быть в дороге по 1,5 часа каждый день, туда и обратно ( в итоге 3 часа впустую) В добавок к местоположению в этом вузе очень плохая атмосфера , она способна загнать в депрессию любого человека .Естественно, я НЕ РЕКОМЕНДУЮ этот вуз , особенно если вы собираетесь учиться на платном , цены на обучение очень высокие , выше чем в остальных вузах. И да , не ведитесь на обложку вас ждёт огромное разочарование. ",negative
"


Если есть возможность, лучше езжайте в столичный вуз, или ищите что получше, хотя я уверена, что не так много мест, где будет значительно лучше, чем тут. 
Если планируте поступать сюда, лучше найдите нашу подслушку (Подслушано ДВФУ) в ВК, где во всех красках поймете, надо ли вам это, так как отзывы могут быть устаревшими, давать однобокую информацию, быть простым нытьем (нытиков у нас очень много). И желательно узнавайте не просто про сам университет, а про конкретную специальность, так как на разных специальностях разная ситуация. Мой отзыв будет больше касаться специальности Прикладная математика и информатика (Школа естественных наук), ну или других программистских специальностей. Пару абзацев про ПМИ расскажу, потом в общем про ДВФУ. 
В 2016-17 годах и раннее я бы сказала, что сюда стоит поступать, но в 2018 году благодаря некоторому человеку, С****** А.А (безответсвенный преподаватель, если его так можно назвать, могу очень много плохого про него сказать), сместили двух очень крутых преподавателя, К****** А.С. и Б******* А.А. Если вы поступаете на ПМИ, то скорее всего знаете про первого из них (хотя мое мнение: он талантливый и опытный программист, с юморочком, спокойный, но п...Показать полностью...репод так себе, но много требует, к тому же безответственный и может довести до слез, если у тебя что-то плохо получается) Возможно, он иногда будет что-то у вас вести, какие-нибудь предметы по выбору, неофициально. Второй - самый лучший преподаватель, который у меня был, очень жаль, что новое поколение не будет у него учиться. Ещё, к сожалению, ушел С******* М.С., понимающий преподаватель, был с нами на одной волне. Так что не представляю, что сейчас ожидает ПМИ.
Учебная программа сейчас отличается от того, что было тогда, лично у нас в нашем наборе некоторые математические специальности были сокращены, к сожалению, нелогично поставлены, поэтому нас очень скудные знания многих предметов. Но, вообще, тут есть и линейная алгебра, и математический анализ, и дискретная математика, и аналитическая геометрия, дифференциальные уравнения и куча всего ещё. Вам может попасться как хороший преподаватель по матану, так и какой-нибудь Ю.А.К********, тогда вам останется только самому изучать или молиться. Если вам важно, чтобы была сильная математическая база, лучше выбрать другой вуз, либо запастись терпением, много изучать самому и действительно слушать лекции, а не как я. Среди математиков и не только есть годные преподаватели, а есть старые конченные маразматики, с этим ничего не поделаешь.
По программистским специальностям все должно быть лучше, но тут нужно постоянно что-то делать. Здесь у нас бально-рейтинговая система. Делаешь задание, потом до дедлайна, если он есть, приходишь и сдаешь работу. Многие преподаватели просто дают задание и уходят, и не всегда от них можно ждать помощи. И приходится все делать самостоятельно. Закрыться на многих предметах очень просто, даже на пятерку, тупо купив чужую работу или списав, если ты лентяй. Но если хочешь чему-то научиться, то придется разбираться и кодить самому. Тут можно будеть &quot;пощупать&quot; разные сферы: веб, мобильная разработка, C++ и т.д. Что-то подается плохо, что-то получше, но в любом случае это пригодится.
Среди преподавателей есть молодые специалисты, которые совмещают основную работу и преподавание в вузе. Хоть преподаватели из них не всегда хорошие, но они часто со студентами на одной волне, могут рассказать про свое место работы, дать советы, рассказать про возможности устроиться куда-то, ещё будучи студентом. Вполне реально найти работу даже на втором курсе, каким-нибудь веб программистом или даже пойти в гейм-дев, но одни задания в универе вам мало помогут. Придется учиться чему-то самостоятельно. Многие местные компании предлагают стажировки для студентов, и не только местные. Так же тут очень много активностей, те же хакатоны, ACM, WorldSkills, даже подводная робототехника, можно найти то, что тебе понравится и проявить себя. Так что возможностей для самореализации масса. Есть много примеров, как выпускники работают в Яндексе, Гугле, открывают свое дело, все зависит только от вас. 
А сейчас про сам вуз. Он у нас модный и современный, таких вообще мало в РФ, мне кажется. Тут хорошая Восточная школа, хотя недовольных тоже много. Очень очень очень много активностей и кружков, целая куча. Неплохие стипендии, когда ты отличник, существует много дополнительных стипендий, на которые можно податься. Однако организационные моменты хромают, верхушкам часто плевать на обычных студентов. Все подробности можно почитать в подслушке, слишком много случаев, когда думаешь, зачем ты сюда поступал. 
Кампус красивый, есть набережная, ради этого можно сюда поступить. Как маленький студенческий город на острове. Однако бывают проблемы с автобусами в город и обратно, но сейчас вроде получше все. Иногда в них почти невозможно не то что сесть, но просто залезть, так как некоторых автобусов мало. Сейчас появились бесплатные автобусы для студентов, что очень круто. Кампусные общежития очень красивые, как в отеле, в основном двухместные номера, но есть и трех-четырехметные сьюты. Это я говорю, про северные и южные корпуса. За такую красоту приходится дорого платить, цены в двухметных номерах больше обычной стипендии хорошиста (больше 3К). Помимо этого существует Малый Аякс. Он тоже на территории кампуса, но находится относительно далеко от учебных корпусов. Выглядят там корпуса намного похуже северных и южных, и жить там дешевле. Есть большой минус жизни на кампусе - здесь живет много индусов. Они любят разводить беспорядок как в комнате, так и на кухне, и благодаря им размножаются огромные мерзкие тараканы. Индусы не понимают русского, договориться с ними сложно.  
Если твой средний балл меньше 4.0, то тебя выгоняют в городские общежития. От них до кампуса добираться от 30 минут, если не больше. Комнаты там как в самых обычных общежитиях любого вуза, где-то все очень плохо, где-то терпимо, ну и цены там небольшие. Всех иногородних первокурсников селят на кампус, в июле-августе жителей кампуса выселяют. Это ещё один большой минус жизни на кампусе. В городе же можно жить хоть все 4 года. Если вы местный, есть смысл сменить прописку или просто выселиться из Владивостока и поселиться на кампус, потому что вы замучаетесь на автобусах туда-сюда гонять.              
Ещё у на очень &quot;замечательный&quot; отдел по заселению. Я сама местная, на втором курсе лохонулась и не убрала регистрацию во Владивостоке, зато сделала временную. Мне до универа добираться от полтора до двух часов, если с пересадками, поэтому я захотела попасть на кампус. Очевидно, что мне отказали. Потом я ходила миллион раз обновлять данные о регистрации и в сам отдел по заселению, но то мои данные никак обновиться не могли, то &quot;мест нет&quot;, хотя места на кампусе есть всегда. Через два месяца меня заселили и все было классно, пока в следующем году я снова не подала заявление на заселение (Очень удобно, что можно подать заявление онлайн). Я думала, что в этот раз заселюсь, как все нормальные люди, но когда людям приходила бронь на корпуса, мне пришло сообщение, что вы проживаете во Владивостоке. Я писала и звонила, куда только можно, даже в ректорат, отдел по заселению разводил руками, однако внезапно для меня нашлось место, спасибо технической поддержке. Такое случилось у меня, у других ребят вообще терялись заявления или их селили на Малый Аякс, хотя у них высокий балл, даже 5.0, и они не указывали его среди желаемых корпусов. Делайте выводы сами. 
Ещё стоит знать, что мы начинаем учиться не первого сентябра, а намного позже, и, соотвественно, заканчиваем позже, могут быть проблемы с поступлением в магистратуру. В этом году были проблемы с получением дипломов вовремя.  
Если интересно что-то ещё, ищите подслушку, как я уже говорила. А так, в целом, хочется сказать, что многие проблемы нашего вуза есть много где, это все вопросы ко всему высшему образованию в России. И негативные отзывы в основном пишут те, кто, очевидно, недоволен, довольные или хотябы те, кто просто учится, в основном, отзывы не пишут.   ",medium
"


Окончила я данный вуз в прошлом году. Что могу сказать. В сравнении с другими универами ДВ, однозначно в ДВФУ более высокий уровень знаний можно получить. 
Однако за время моего обучения столкнулась с тем, что много преподавателей, от которых знаний вы никаких не получите, а некоторые из них ,к Слову, конкретные самодуры, к таким можно отнести Б*********, Ч********, З********** и других. Среди сильных преподавателей, которые могут и хотят научить можно назвать К****, Р****, К*****, Г********. С данными преподавателями было очень приятно работать, до сих благодарна. 
Также хочу отметить, что за время обучения ни одной взятки ни я, ни кто-то из моей группы не дал.. да и никто не вынуждал/предлагал ее дать. Что ещё раз даёт возможность осознать, что не все потеряно. 
В общем система здесь в основном такая: выучи (или зазубри, если не понял), мы с тебя спросим, не выучишь, большая вероятность, что пойдёшь на пересдачу или вылетишь, а объяснять мы тебе особо не будем (видимо не способны к этому",medium
"


Всем привет! Я студент первого курса и знаете я могу сказать уже многое об этом «замечательном» месте. Я как и многие тут учащиеся купились на замечательный внешний вид и прекрасное общежитие. Общежитие действительно хорошее, еще бы оно за 3600 не было хорошим, но вот в остальном это полная лубуда. Я учусь по направлению Гостиничное дело и знаете что? А то что у меня нету ни одного предмета по специальности и опять таки знаете почему? Потому это ужасное место работает по программе Бакалавр 2.0 придуманная идиотом или неадекватным человеком который решил вас настолько всесторонне развить чтобы вы забыли на какое направление вы поступали. Да да я не шучу у меня нету ни одного предмета который хоть как то бы относился к моей специальности. Зато есть такие предметы как например ВДКМ или экономическое мышление которые с легкостью лишат вас стипендии пусть и не большой но лишат и могут лишить возможности обучаться в это ужасном месте чему вы я думаю будете рады. Ребят пожалуйста не ведитесь на внешний вид обязательно читайте отзывы показывайте родителям но ни в коем случае не лезьте сюда оно вас сожрет!!!!!!",negative
"


На приёмной комиссии «присели» на уши, мол, мы такие крутые и направления подготовки у нас крутые. По факту: оборудование есть только для лабораторных исследований (ни, может у технологов ещё чего найдётся), в симуляционные классы не видят под предлогом &quot;а зачем&quot;. А как сюда попали некоторые преподаватели – вообще большой вопрос сродни теориям зарождения жизни. Дать нормальные знания – нет, увольте. Посидеть, поболтать ножкой и пробубнеть себе под нос скачанную со студопедии презентацию, а потом выдать не те вопросы для подготовки к экзамену? О, да, это по-нашему. 
А как вам такое: сидеть на экзамене и в две хари высасывать у студента мозг через трубочку просто за то, что он осмелился подискутировать на последней паре?
А ещё понравилась фраза одного преподавателя про то, что их из города не перевозят потому, что их оборудование слишком тяжёлое и корпус L просто рухнет.
Некоторые специальности всё время грозятся прикрыть, но не прикрывают, потому что кто-то вовремя суетится.
Во время нашумевшей аккредитации к студентам подходили и напрямую говорили:&quot;Комиссия придёт – не вздумайте жаловаться. Вас всё устраивает&quot;.
А как ваше посмеялись с того, что студентам 4-го ку...Показать полностью...рса перед этой самой аккредитацией выдали заявления на выбор дисциплин за 2 и 3 курс. Мол, студенты сами это выбрали (да-да, всей группой, коллективный разум и стадный инстинкт).
Ведь вуз на рейтинговой системе, а на медицинских специальностях своя свадьба. Зачем вам рейтинг, если над вами можно поиздеваться как в семестре, так и на сессии?
Короче, бесперспективняк.",negative
"


	Радостные вчерашние школьники, толпящиеся с аттестатами в приемной комиссии ДВФУ, как мне вас жалко…
	Для тех, кто не любит долго читать, сразу совет: если вы в школе учились не особо, излишней любознательностью и тягой к знаниям не отличаетесь, а баллов ЕГЭ хватило зацепиться за бюджет, - можете поступать в ДВФУ. Если же вам нужны серьезные, современные знания, хочется узнать и освоить как можно больше в будущей профессии - вам здесь делать нечего, особенно так называемым высокобалльникам, у вас огромный выбор, зачем вам выбирать вуз с наихудшим рейтингом среди федеральных университетов. Также не имеет смысла учиться здесь платно, соотношение цена/качество, пожалуй, худшее в России, за свои деньги вы легко найдете что-нибудь получше. Единственное исключение - восточные языки, здесь качество пока еще приличное.
	А теперь кому интересны подробности. Прежде всего, нужно понимать, что существуют два ДВФУ: один - это показушный бренд, о котором вы можете почитать на сайте ДВФУ и корпусами которого вы можете полюбоваться, и второй - ДВФУ как образовательное учреждение, посредственное и провинциальное.
	Начнем с преподавателей. Если за все время учебы вам попадется 2-3 человека, которые...Показать полностью... глубоко знают свой предмет на современном уровне, могут и хотят научить - вам повезло. Обычно или не могут, или не хотят, а частенько и то и другое вместе. Но и таких не хватает, бывает, что занятий по какой-нибудь дисциплине нет 2-3 месяца, пока не найдут хоть кого-нибудь, даже не особо разбирающегося в предмете, лишь бы хоть что-то хоть как-то провел и расставил какие-нибудь оценки.
	На сайте вы можете прочитать, что в ДВФУ приглашаются для ведения занятий преподаватели ведущих российских и зарубежных вузов… Приедет такой из Москвы на недельку, свысока повещает прописные истины и уедет, увозя с собой сумму, равную годовой зарплате обычного преподавателя, за чем он собственно сюда и ехал. Поверьте, ничего полезного для себя вы из этого не вынесете.
	Теперь материальная база. Да, корпуса и природа красивые, слов нет. А на сайте можно прочитать про уникальное оборудование, имеющееся в ДВФУ. Что-то конечно есть и работает. Но очень часто картина другая: да, оборудование купили, дорогое, уникальное, но оно так и лежит в коробках, потому что никому оно не нужно, работать с ним некому, покупали ради галочки и отката. А бывает и так: купили, дорогое и уникальное, очень нужное, установили, запустили… И тут руководство ДВФУ «обнаружило», что оказывается еще требуется обслуживание и расходные материалы, а денег на это выделять, извините за выражение, впадлу. Вот и стоит, пылится и морально устаревает. Пройдитесь вдоль лабораторного корпуса, позаглядывайте в окна первого этажа, вы там много увидите и пустых лабораторий, с оборудованием, но без людей, и нераспакованных ящиков. Правда в последнее время местами жалюзи понавешали, а то народ начинает неудобные вопросы задавать, на что деньги тратятся… Про это вы на сайте не прочитаете. И про компьютерные классы, где стоит откровенный металлолом, и из 15 компьютеров может быть всего 5 рабочих. И про то, что не так давно ДВФУ лишился своего единственного старенького суперкомпьютера, доставшегося в наследство еще от ДВГУ, а нового нет и не будет. Зато прочитаете про виртуальную реальность, облачные технологии и высокопроизводительные вычисления. Но учить вас этому будут на обычной доске и листиках.
	Но это еще не самое страшное. Еще есть команда (или может правильнее сказать шайка) под руководством ректора А*****. Это люди, ничего не смыслящие в системе образования, пришедшие на место тех, кто выводил когда-то ДВГУ в лидеры образования на Дальнем Востоке, кто создавал ДВФУ в его первые годы. Всех этих профессионалов убрали. На их месте друзья ректора - люди, приехавшие помогать ему доить университет. Люди, все решения которых подчиняются одному принципу: поток денег мимо их кармана должен быть как можно меньше. Преподавателей - сократить. Ну и что, что некому вести занятия. Сотрудников - сократить, расписание теперь будет составлять программа. Результат - осенью 2018 года университет два месяца учился без расписания. Студенческие группы на части не делить, это же двойные расходы, пусть вся группа в 25 человек сидит в аудитории с 15 компьютерами (из которых, как вы помните, половина не работает). Наука? Какие еще деньги на науку, наука сама должна деньги приносить и еще их (чиновников) кормить.
	Зато каждый год осуществляется какой-нибудь очередной гениальный прожект, под который выделяются и осваиваются руководством немалые деньги. Пожалуй самый печальный - Бакалавриат 2.0 (2016 год). Сейчас эти студенты заканчивают 3-й курс, их (да и они сами себя) иначе как «жертвы бакалавриата 2.0» никак не называют. Это же надо было додуматься, всех студентов, всех направлений, весь первый курс учить одному и тому же, всякой бредятине без профессиональных дисциплин. Считай, что они не 4 года учились, а только 3. А вот из свежего: осенью 2018 попытались запустить модульное обучение. Сдохло в жалких конвульсиях, не успев начаться, расписания никакого не смогли составить, куда уж там модульное… Та же осень 2018: введение в учебные планы онлайн-курсов - жалкая попытка сэкономить на преподавателях, не платить за аудиторные занятия. А за две недели до Нового года началась веселуха: заведующие кафедрами лихорадочно искали хоть кого-то, готового быстренько за 2 недели провести хоть какие-нибудь лекции по этим дисциплинам и принять зачеты. А учебные планы были опять спешно переделаны назад (и это в разгар учебного года!!!)
	Зато на сайте ДВФУ в обращении к абитуриентам написано, мол, не пытайтесь узнавать «как, да что» у нынешних студентов (еще бы, никто из них ничего хорошего не скажет!). Типа в ДВФУ каждый год все по-новому и у вас тоже будет по-другому. В этом они не врут, будет очередной прожект, а вы будете его жертвами.
	Последние годы ДВФУ - не развивающийся, а загибающийся вуз. Статистика на сайте по численности студентов - наглая ложь. Количество студентов неуклонно падает, сейчас их меньше чем было только в одном ДВГУ до объединения (а объединились 4 крупных вуза). Количество преподавателей сократилось более чем вдвое, про это вы на сайте не найдете. Учебно-вспомогательный персонал увольняли сотнями и продолжают увольнять, а его численность как раз привязана к численности студентов.
	Зато руководство гордо заявляет, что ДВФУ в мировом рейтинге поднялся с какого-нибудь 630-го места на 570-е. Но поверьте, подобный смешной подъем очень легко получить за счет примитивной манипуляции с показателями, влияющими на рейтинг. Типа доли иностранных студентов. Своих набираем поменьше, иностранцев побольше - вот и все. Вообще иностранные студенты - это отдельный предмет особой гордости! Если конечно не смотреть, откуда их основная масса. А это страны типа Пакистана, нищета которых не позволяет пристроиться в нормальный вуз, а своих вузов нет. Даже китайцы в ДВФУ не едут (едут, но только учить русский – для остального у них свои вузы есть, подешевле и получше). Но пробиться таким путем в первую сотню рейтинга (голубая мечта всех российских вузов) – шансы ниже, чем у сборной России по футболу стать чемпионом мира.
Резюмирую: ДВФУ - обычный посредственный провинциальный вуз, неумеренно разрекламированный и приукрашенный. Показушность проявляется везде и во всем. Маленький штрих: многоуровневая парковка перед корпусом D, между ней и основной трассой есть две неприметные сейчас колонки, затянутые пленкой и прикрытые какой-нибудь рекламой. Когда в сентябре в ДВФУ проводится очередной международный форум, их перед этим распаковывают, вешают огромный плакат, что это зарядные колонки для электромобилей, мол посмотрите, какие мы крутые! А после форума назад запаковывают до следующего года. И в этом весь ДВФУ.
",negative
"


Всем доброго дня. Всем, кроме меня, поскольку я вот уже не первый год учусь в злополучном ВУЗе, где созданы идеальные условия для всех, кроме обучающихся в нём студентов.
В 11 классе нам предложили приехать во Владивосток, провести экскурсию по университету, заманивали новеньким кампусом, комната в общаге, получше чем во многих гостиницах, и, наконец, самым-самым-пресамым престижным факультетом - восточкой. Поступила на бюджет, ничего не предвещало беды. Однако с первых же дней нашего появления на учёбе преподаватели не переставали сетовать и недовольно охать, т.к. ВУЗ решил не мелочиться и увеличить набор студентов на специальность чуть ли не вдвое, что при нехватке педагогов и в принципе языковой специальности не продуктивно для изучения языка от слова совсем. Основной язык преподавала бабушка, которой уже здоровье не позволяло встать лишний раз со стула и которая благополучно ушла в частную языковую школу по окончанию нашего курса (жаловалась на непосильные требования со стороны руководства, бегство преподов с кафедры продолжается и по сей день). На следующих курсах ситуация с преподами не улучшилась, придумывали каждый год какую-то невероятную новую заведомо непосильную и абсол...Показать полностью...ютно бесполезную программу (естественно, предлагая впоследствии платные консультации с глазу на глаз, чтобы не портить оценку). Последний педагог вообще не стесняясь признавалась, что увеличила объем изучаемого с прошлого года (который заваливал и ту программу) в три раза, чтобы просто посмотреть, что из этого получится. Что же получилось, спросите вы? Отчисления, седые волосы, парочка слегли с передозами, спиваемся. Времени ни на что, кроме бесцельной зубрёжки и рыданий не остаётся. Практику тоже ищите сами, хоть и обязаны предлагать хоть какую-то работёнку на кафедре, на деле ничего не дождётесь. Платите по 170 тысяч в год и хотите получить хоть один бумажный учебник на руки? Ещё чего, но можете купить за 2-3 тысячи, от вас не убудет. Обещанное трудоустройство, естественно, тоже сказки. Взяточниками кишит не только ШРМИ, но и остальные школы, особенно хорошо это практикуют деды в ИШ.
Отдельный абзац хочу выделить для предостережения иногородних. На календаре 25 июня, сессия ещё впереди, а я уже сижу на чемоданах, пытаясь попутно как-то дописывать курсач, потому что этаж каждый год просто выселяют для &quot;ремонта&quot;, которого тут, ясно дело, не происходит. Просто сдают целые этажи под всяческие лагери, форумы. Выселяют в городские общаги, где будете жить с дырами в стенах и антуражем подъезда пятиэтажки в самом бедном районе города. И то, чтобы получить хоть какое-то место, вас будут отправлять из одной инстанции в другую, где все пожимают плечами и говорят, что ваши проблемы не в их компетенции. В их компетенции пить чай. В конфликтных ситуациях, охране абсолютно всё равно на вас, они тут не студентов защищают, а двфу - от нас. Да, общежития в основном хорошие, тут сказать нечего. Но будьте готовы, что поселят с индусами/китайцами/вьетнамцами, абсолютно не соблюдающими гигиенических норм, или же просто по соседству, куда плодятся нажитые ими насекомые. Особенно страшная ситуация с первыми - двфу замалчивает инциденты групповых изнасилований и краж, совершенные привилегированными студентами по обмену.",negative
